{
  "accuracy": 0.5830388692579506,
  "precision": 0.27712854757929883,
  "recall": 0.24519940915805022,
  "f1_score": 0.2601880877742947,
  "roc_auc": 0.4979267478841659,
  "confusion_matrix": {
    "true_negative": 1154,
    "false_positive": 433,
    "false_negative": 511,
    "true_positive": 166
  }
}