{
  "accuracy": 0.7014134275618374,
  "precision": 0.6666666666666666,
  "recall": 0.0029542097488921715,
  "f1_score": 0.0058823529411764705,
  "roc_auc": 0.49636494449455,
  "confusion_matrix": {
    "true_negative": 1586,
    "false_positive": 1,
    "false_negative": 675,
    "true_positive": 2
  }
}